Title,Website file,Original location,Original filename,Original resolution,Price
"Mountain Village","images/mountain-village.webp","original 4 (already in repo)","mountain-village.webp","","$5"
"Bird on Branch","images/bird-on-branch.webp","original 4 (already in repo)","bird-on-branch.webp","","$5"
"Wildflower Meadow","images/wildflower-meadow.webp","original 4 (already in repo)","wildflower-meadow.webp","","$5"
"The Reading Room","images/reading-room.webp","original 4 (already in repo)","reading-room.webp","","$5"
"Green Plain Village","images/oman/oman-01-green-plain-village.webp","onedrive/oman01/ (loose files)","IMG_0470.JPG","5760x3240","$10"
"Shade of the Old Tree","images/oman/oman-02-shade-of-the-old-tree.webp","onedrive/oman01/ (loose files)","IMG_0800.JPG","3240x5760","$10"
"Palm in the Alley","images/oman/oman-03-palm-in-the-alley.webp","onedrive/oman01/ (loose files)","IMG_7222.JPG","3240x5760","$10"
"The Falaj Path","images/oman/oman-04-the-falaj-path.webp","onedrive/oman01/ (loose files)","IMG_7223.JPG","3240x5760","$10"
"Lone Date Palm","images/oman/oman-05-lone-date-palm.webp","onedrive/oman01/ (loose files)","IMG_7225.JPG","3240x5760","$10"
"Village Under the Ridge","images/oman/oman-06-village-under-the-ridge.webp","onedrive/oman01/ (loose files)","IMG_7226.JPG","3240x5760","$10"
"Palm Grove Village","images/oman/oman-07-palm-grove-village.webp","onedrive/oman01/ (loose files)","IMG_7227.JPG","3240x5760","$10"
"Fort by the Water","images/oman/oman-08-fort-by-the-water.webp","onedrive/oman01/ (loose files)","IMG_7228.JPG","3240x5760","$10"
"Terraced Houses","images/oman/oman-09-terraced-houses.webp","onedrive/oman01/ (loose files)","IMG_7229.JPG","3240x5760","$10"
"Watchtowers Above the Wadi","images/oman/oman-10-watchtowers-above-the-wadi.webp","onedrive/oman01/ (loose files)","IMG_7230.JPG","3240x5760","$10"
"Morning Shadows","images/oman/oman-11-morning-shadows.webp","onedrive/oman01/ (loose files)","IMG_7232.JPG","3240x5760","$10"
"Mist Over the Wadi","images/oman/oman-12-mist-over-the-wadi.webp","onedrive/oman01/ (loose files)","IMG_7233.JPG","3240x5760","$10"
"Water Carriers","images/oman/oman-13-water-carriers.webp","onedrive/oman01/ (loose files)","IMG_7237.JPG","3240x5760","$10"
"The Minaret Street","images/oman/oman-14-the-minaret-street.webp","onedrive/oman01/ (loose files)","IMG_7238.JPG","3240x5760","$10"
"Still Water, Distant Peaks","images/oman/oman-15-still-water-distant-peaks.webp","onedrive/oman01/ (loose files)","IMG_7258.JPG","5760x3240","$10"
"Village Beneath the Mountains","images/oman/oman-16-village-beneath-the-mountains.webp","onedrive/oman01/ (loose files)","IMG_7260.JPG","5760x3240","$10"
"Mirror of the Village","images/oman/oman-17-mirror-of-the-village.webp","onedrive/oman01/ (loose files)","IMG_7261.JPG","5760x3240","$10"
"Village on the Green Water","images/oman/oman-18-village-on-the-green-water.webp","onedrive/oman01/ (loose files)","IMG_7262.JPG","5760x3240","$10"
"Long Reflection","images/oman/oman-19-long-reflection.webp","onedrive/oman01/ (loose files)","IMG_7263.JPG","5760x3240","$10"
"White Houses by the Water","images/oman/oman-20-white-houses-by-the-water.webp","onedrive/oman01/ (loose files)","IMG_7264.JPG","5760x3240","$10"
"Evening at the Pool","images/oman/oman-21-evening-at-the-pool.webp","onedrive/oman01/ (loose files)","IMG_7271.JPG","3240x5760","$10"
"Golden Village","images/oman/oman-22-golden-village.webp","onedrive/oman01/ (loose files)","IMG_7272.JPG","3240x5760","$10"
"Turquoise Reflections","images/oman/oman-23-turquoise-reflections.webp","onedrive/oman01/ (loose files)","IMG_7273.JPG","3240x5760","$10"
"House Above the Pool","images/oman/oman-24-house-above-the-pool.webp","onedrive/oman01/ (loose files)","IMG_7274.JPG","3240x5760","$10"
"White Village, Still Water","images/oman/oman-25-white-village-still-water.webp","onedrive/oman01/ (loose files)","IMG_7275.JPG","3240x5760","$10"
"Gathering by the Water","images/oman/oman-26-gathering-by-the-water.webp","onedrive/oman01/ (loose files)","IMG_7276.JPG","3240x5760","$10"
"Village from Above","images/oman/oman-27-village-from-above.webp","onedrive/oman01/ (loose files)","IMG_7278.JPG","3240x5760","$10"
"Green Valley Homes","images/oman/oman-28-green-valley-homes.webp","onedrive/oman01/ (loose files)","IMG_7279.JPG","3240x5760","$10"
"Rocky Descent","images/oman/oman-29-rocky-descent.webp","onedrive/oman01/ (loose files)","IMG_7280.JPG","3240x5760","$10"
"The Emerald Bend","images/oman/oman-30-the-emerald-bend.webp","onedrive/oman01/ (loose files)","IMG_7283.JPG","5760x3240","$10"
"Desert Village","images/oman/oman-31-desert-village.webp","onedrive/oman01/ (loose files)","IMG_7284.JPG","5760x3240","$10"
"Canyon Pool","images/oman/oman-32-canyon-pool.webp","onedrive/oman01/ (loose files)","IMG_7286.JPG","3240x5760","$10"
"Palms by the Pool","images/oman/oman-33-palms-by-the-pool.webp","onedrive/oman01/ (loose files)","IMG_7287.JPG","3240x5760","$10"
"The Winding Wadi","images/oman/oman-34-the-winding-wadi.webp","onedrive/oman01/ (loose files)","IMG_7288.JPG","3240x5760","$10"
"Boulders and Palms","images/oman/oman-35-boulders-and-palms.webp","onedrive/oman01/ (loose files)","IMG_7289.JPG","3240x5760","$10"
"Cliffside Village","images/oman/oman-36-cliffside-village.webp","onedrive/oman01/ (loose files)","IMG_7290.JPG","3240x5760","$10"
"Village in the Blue Valley","images/oman/oman-37-village-in-the-blue-valley.webp","onedrive/oman01/ (loose files)","IMG_7291.JPG","3240x5760","$10"
"The Old Fort","images/oman/oman-38-the-old-fort.webp","onedrive/oman01/ (loose files)","IMG_7292.JPG","3240x5760","$10"
"The Wide Valley","images/oman/oman-39-the-wide-valley.webp","onedrive/oman01/ (loose files)","IMG_7293.JPG","3240x5760","$10"
"Path Through the Gorge","images/oman/oman-40-path-through-the-gorge.webp","onedrive/oman01/ (loose files)","IMG_7294.JPG","3240x5760","$10"
"Morning Mist in the Valley","images/oman/oman-41-morning-mist-in-the-valley.webp","onedrive/oman01/ (loose files)","IMG_7295.JPG","3240x5760","$10"
"Wadi Pool","images/oman/oman-42-wadi-pool.webp","onedrive/oman01/ (loose files)","IMG_7296.JPG","3240x5760","$10"
"Between the Walls","images/oman/oman-43-between-the-walls.webp","onedrive/oman01/ (loose files)","IMG_7297.JPG","3240x5760","$10"
"Turquoise Channel","images/oman/oman-44-turquoise-channel.webp","onedrive/oman01/ (loose files)","IMG_7298.JPG","3240x5760","$10"
"Village and Dome","images/oman/oman-45-village-and-dome.webp","onedrive/oman01/ (loose files)","IMG_7299.JPG","3240x5760","$10"
"Beneath the Peaks","images/oman/oman-46-beneath-the-peaks.webp","onedrive/oman01/ (loose files)","IMG_7300.JPG","3240x5760","$10"
"Fort on the Hill","images/oman/oman-47-fort-on-the-hill.webp","onedrive/oman01/ (loose files)","IMG_7301.JPG","3240x5760","$10"
"Green Water, Red Rock","images/oman/oman-48-green-water-red-rock.webp","onedrive/oman01/ (loose files)","IMG_7302.JPG","3240x5760","$10"
"The River Below","images/oman/oman-49-the-river-below.webp","onedrive/oman01/ (loose files)","IMG_7303.JPG","3240x5760","$10"
"Deep Gorge","images/oman/oman-50-deep-gorge.webp","onedrive/oman01/ (loose files)","IMG_7304.JPG","3008x5568","$10"
"Above the Torrent","images/oman/oman-51-above-the-torrent.webp","onedrive/oman01/ (loose files)","IMG_7305.JPG","3240x5760","$10"
"Dry Riverbed","images/oman/oman-52-dry-riverbed.webp","onedrive/oman01/ (loose files)","IMG_7306.JPG","3240x5760","$10"
"Turquoise Flow","images/oman/oman-53-turquoise-flow.webp","onedrive/oman01/ (loose files)","IMG_7307.JPG","3240x5760","$10"
"Palm at the River","images/oman/oman-54-palm-at-the-river.webp","onedrive/oman01/ (loose files)","IMG_7308.JPG","3240x5760","$10"
"White Houses, Blue Lagoon","images/oman/oman-55-white-houses-blue-lagoon.webp","onedrive/oman01/ (loose files)","IMG_7309.JPG","3240x5760","$10"
"Ochre Village","images/oman/oman-56-ochre-village.webp","onedrive/oman01/ (loose files)","IMG_7310.JPG","3240x5760","$10"
"Stacked Houses","images/oman/oman-57-stacked-houses.webp","onedrive/oman01/ (loose files)","IMG_7311.JPG","3240x5760","$10"
"The Old Quarter","images/oman/oman-58-the-old-quarter.webp","onedrive/oman01/ (loose files)","IMG_7312.JPG","3240x5760","$10"
"Tower Over the Pool","images/oman/oman-59-tower-over-the-pool.webp","onedrive/oman01/ (loose files)","IMG_7313.JPG","3240x5760","$10"
"Blue River Valley","images/oman/oman-60-blue-river-valley.webp","onedrive/oman01/ (loose files)","IMG_7314.JPG","3240x5760","$10"
"Canyon Overlook","images/oman/oman-61-canyon-overlook.webp","onedrive/oman01/ (loose files)","IMG_7315.JPG","3240x5760","$10"
"The Terraces","images/oman/oman-62-the-terraces.webp","onedrive/oman01/ (loose files)","IMG_7316.JPG","3240x5760","$10"
"Stone Houses","images/oman/oman-63-stone-houses.webp","onedrive/oman01/ (loose files)","IMG_7317.JPG","3240x5760","$10"
"The Round Tower","images/oman/oman-64-the-round-tower.webp","onedrive/oman01/ (loose files)","IMG_7318.JPG","3240x5760","$10"
"Tall Walls and Palms","images/oman/oman-65-tall-walls-and-palms.webp","onedrive/oman01/ (loose files)","IMG_7340.JPG","3240x5760","$10"
"Pale Rocks","images/oman/oman-66-pale-rocks.webp","onedrive/oman01/ (loose files)","IMG_9487.JPG","5760x3240","$10"
"Sea and Mountain","images/oman/oman-67-sea-and-mountain.webp","onedrive/oman01/ (loose files)","PHOTO-2026-05-04-09-39-39.jpg","5760x3240","$10"
"Rocky Cove","images/oman/oman-68-rocky-cove.webp","onedrive/oman01/ (loose files)","PHOTO-2026-05-04-09-40-29.jpg","5760x3240","$10"
"The Long Beach","images/oman/oman-69-the-long-beach.webp","onedrive/oman01/ (loose files)","PHOTO-2026-05-04-09-41-26.jpg","5760x3240","$10"
"Harbour Town","images/oman/oman-70-harbour-town.webp","onedrive/oman01/ (loose files)","PHOTO-2026-05-04-09-44-07.jpg","5760x3240","$10"
"The Corniche","images/oman/oman-71-the-corniche.webp","onedrive/oman01/ (loose files)","PHOTO-2026-05-04-09-45-00.jpg","5760x3240","$10"
"Village on the Shore","images/oman/oman-72-village-on-the-shore.webp","onedrive/oman01/ (loose files)","PHOTO-2026-05-04-09-46-18.jpg","5760x3240","$10"
"Flamingos at Low Tide","images/oman/oman-73-flamingos-at-low-tide.webp","onedrive/oman01/ (loose files)","PHOTO-2026-05-04-09-54-34.jpg","5760x3240","$10"
"Sunset Harbour","images/oman/oman-74-sunset-harbour.webp","onedrive/oman01/ (loose files)","PHOTO-2026-05-04-09-55-28.jpg","5760x3240","$10"
"Fort by the Sea","images/oman/oman-75-fort-by-the-sea.webp","onedrive/oman01/ (loose files)","PHOTO-2026-05-05-10-50-05.jpg","5760x3240","$10"
"Pink Evening","images/oman/oman-76-pink-evening.webp","onedrive/oman01/ (loose files)","PHOTO-2026-05-05-10-50-46.jpg","5760x3240","$10"
"Green Headland","images/oman/oman-77-green-headland.webp","onedrive/oman01/ (loose files)","PHOTO-2026-05-05-10-51-26.jpg","5760x3240","$10"
"White Tower by the Water","images/oman/oman-78-white-tower-by-the-water.webp","onedrive/oman01/ (loose files)","PHOTO-2026-05-05-10-55-48.jpg","3240x5760","$10"
"Boulder Valley","images/oman/oman-79-boulder-valley.webp","onedrive/oman01/ (loose files)","PHOTO-2026-05-05-12-03-23.jpg","5760x3240","$10"
"Palm Meadow","images/oman/oman-80-palm-meadow.webp","onedrive/oman01/ (loose files)","PHOTO-2026-05-05-20-07-52.jpg","2240x1260","$10"
"Monochrome Studies","images/oman/oman-81-monochrome-studies.webp","onedrive/oman01/ (loose files)","PHOTO-2026-06-11-01-04-20.jpg","5760x3240","$10"
"Hillside Farm","images/scotland/scot-01-hillside-farm.webp","zip: wetransfer_scotland-large-files","PHOTO-2026-05-08-19-57-15.jpg","5760x3240","$10"
"The Old Stone Bridge","images/scotland/scot-02-the-old-stone-bridge.webp","zip: wetransfer_scotland-large-files","PHOTO-2026-05-08-19-58-13.jpg","5760x3240","$10"
"Harvest Field","images/scotland/scot-03-harvest-field.webp","zip: wetransfer_scotland-large-files","PHOTO-2026-05-08-20-42-24.jpg","5760x3240","$10"
"The Village Green","images/scotland/scot-04-the-village-green.webp","zip: wetransfer_scotland-large-files","PHOTO-2026-05-08-20-44-09.jpg","5760x3240","$10"
"Beach Huts","images/scotland/scot-05-beach-huts.webp","zip: wetransfer_scotland-large-files","PHOTO-2026-05-08-20-45-19.jpg","5760x3240","$10"
"Cottage in Bloom","images/scotland/scot-06-cottage-in-bloom.webp","zip: wetransfer_scotland-large-files","PHOTO-2026-05-08-20-45-51.jpg","5760x3240","$10"
"Rolling Hills","images/scotland/scot-07-rolling-hills.webp","zip: wetransfer_scotland-large-files","PHOTO-2026-05-08-20-48-46.jpg","5760x3240","$10"
"Mist on the Moor","images/scotland/scot-08-mist-on-the-moor.webp","zip: wetransfer_scotland-large-files","PHOTO-2026-05-08-20-50-11.jpg","5760x3240","$10"
"Sunset over the Hills","images/scotland/scot-09-sunset-over-the-hills.webp","zip: wetransfer_scotland-large-files","PHOTO-2026-05-08-20-50-39.jpg","5760x3240","$10"
"Poppy Field","images/scotland/scot-10-poppy-field.webp","zip: wetransfer_scotland-large-files","PHOTO-2026-05-08-20-51-07.jpg","5760x3240","$10"
"Storm over the Moor","images/scotland/scot-11-storm-over-the-moor.webp","zip: wetransfer_scotland-large-files","PHOTO-2026-05-08-20-51-38.jpg","5760x3240","$10"
"Bridge and Willows","images/scotland/scot-12-bridge-and-willows.webp","zip: wetransfer_scotland-large-files","PHOTO-2026-05-08-20-55-21.jpg","5760x3240","$10"
"Winter Farm","images/scotland/scot-13-winter-farm.webp","zip: wetransfer_scotland-large-files","PHOTO-2026-05-08-20-56-12.jpg","5760x3240","$10"
"Autumn Mist","images/scotland/scot-14-autumn-mist.webp","zip: wetransfer_scotland-large-files","PHOTO-2026-05-08-20-56-44.jpg-ERROR","","$10"
"Starlit Fields","images/scotland/scot-15-starlit-fields.webp","zip: wetransfer_scotland-large-files","PHOTO-2026-05-08-20-57-13.jpg","5760x3240","$10"
"Bluebell Wood","images/scotland/scot-16-bluebell-wood.webp","zip: wetransfer_scotland-large-files","PHOTO-2026-05-08-20-57-45.jpg","5760x3240","$10"
"Barley Field","images/scotland/scot-17-barley-field.webp","zip: wetransfer_scotland-large-files","PHOTO-2026-05-08-20-58-18.jpg","5760x3240","$10"
"Blossom Lane","images/scotland/scot-18-blossom-lane.webp","zip: wetransfer_scotland-large-files","PHOTO-2026-05-08-20-58-54.jpg","5760x3240","$10"
"Classic Roadster — Front View No. 1","images/cars/car-001-classic-roadster-front-view-no-1.webp","zip: wetransfer_classic-cars-large-size","front-view-loose-watercolor-sketch-of-a-classic-me (14).jpg","5760x3240","$10"
"Classic Roadster — Front View No. 2","images/cars/car-002-classic-roadster-front-view-no-2.webp","zip: wetransfer_classic-cars-large-size","front-view-loose-watercolor-sketch-of-a-classic-me (15).jpg","5760x3240","$10"
"Classic Roadster — Front View No. 3","images/cars/car-003-classic-roadster-front-view-no-3.webp","zip: wetransfer_classic-cars-large-size","front-view-loose-watercolor-sketch-of-a-classic-me (16).jpg","5760x3240","$10"
"Classic Roadster — Front View No. 4","images/cars/car-004-classic-roadster-front-view-no-4.webp","zip: wetransfer_classic-cars-large-size","front-view-loose-watercolor-sketch-of-a-classic-me (17).jpg","5760x3240","$10"
"Classic Roadster — Front View No. 5","images/cars/car-005-classic-roadster-front-view-no-5.webp","zip: wetransfer_classic-cars-large-size","front-view-loose-watercolor-sketch-of-a-classic-me (18).jpg","5760x3240","$10"
"Classic Roadster — Front View No. 6","images/cars/car-006-classic-roadster-front-view-no-6.webp","zip: wetransfer_classic-cars-large-size","front-view-loose-watercolor-sketch-of-a-classic-me (19).jpg","5760x3240","$10"
"Classic Roadster — Three-Quarter View No. 1","images/cars/car-007-classic-roadster-three-quarter-view-no-1.webp","zip: wetransfer_classic-cars-large-size","loose-watercolor-sketch-of-a-classic-mercedes-benz (1) (1).jpg","3240x5760","$10"
"Classic Roadster — Three-Quarter View No. 2","images/cars/car-008-classic-roadster-three-quarter-view-no-2.webp","zip: wetransfer_classic-cars-large-size","loose-watercolor-sketch-of-a-classic-mercedes-benz (10) (1).jpg","5760x3240","$10"
"Classic Roadster — Three-Quarter View No. 3","images/cars/car-009-classic-roadster-three-quarter-view-no-3.webp","zip: wetransfer_classic-cars-large-size","loose-watercolor-sketch-of-a-classic-mercedes-benz (11) (1).jpg","3240x5760","$10"
"Classic Roadster — Three-Quarter View No. 4","images/cars/car-010-classic-roadster-three-quarter-view-no-4.webp","zip: wetransfer_classic-cars-large-size","loose-watercolor-sketch-of-a-classic-mercedes-benz (12) (1).jpg","3240x5760","$10"
"Classic Roadster — Three-Quarter View No. 5","images/cars/car-011-classic-roadster-three-quarter-view-no-5.webp","zip: wetransfer_classic-cars-large-size","loose-watercolor-sketch-of-a-classic-mercedes-benz (13) (1).jpg","3240x5760","$10"
"Classic Roadster — Three-Quarter View No. 6","images/cars/car-012-classic-roadster-three-quarter-view-no-6.webp","zip: wetransfer_classic-cars-large-size","loose-watercolor-sketch-of-a-classic-mercedes-benz (14) (1).jpg","3240x5760","$10"
"Classic Roadster — Three-Quarter View No. 7","images/cars/car-013-classic-roadster-three-quarter-view-no-7.webp","zip: wetransfer_classic-cars-large-size","loose-watercolor-sketch-of-a-classic-mercedes-benz (15) (1).jpg","5760x3240","$10"
"Classic Roadster — Three-Quarter View No. 8","images/cars/car-014-classic-roadster-three-quarter-view-no-8.webp","zip: wetransfer_classic-cars-large-size","loose-watercolor-sketch-of-a-classic-mercedes-benz (16).jpg","3240x5760","$10"
"Classic Roadster — Three-Quarter View No. 9","images/cars/car-015-classic-roadster-three-quarter-view-no-9.webp","zip: wetransfer_classic-cars-large-size","loose-watercolor-sketch-of-a-classic-mercedes-benz (2) (1).jpg","3240x5760","$10"
"Classic Roadster — Three-Quarter View No. 10","images/cars/car-016-classic-roadster-three-quarter-view-no-10.webp","zip: wetransfer_classic-cars-large-size","loose-watercolor-sketch-of-a-classic-mercedes-benz (3) (1).jpg","3240x5760","$10"
"Classic Roadster — Three-Quarter View No. 11","images/cars/car-017-classic-roadster-three-quarter-view-no-11.webp","zip: wetransfer_classic-cars-large-size","loose-watercolor-sketch-of-a-classic-mercedes-benz (4) (1).jpg","5760x3240","$10"
"Classic Roadster — Three-Quarter View No. 12","images/cars/car-018-classic-roadster-three-quarter-view-no-12.webp","zip: wetransfer_classic-cars-large-size","loose-watercolor-sketch-of-a-classic-mercedes-benz (5) (1).jpg","5760x3240","$10"
"Classic Roadster — Three-Quarter View No. 13","images/cars/car-019-classic-roadster-three-quarter-view-no-13.webp","zip: wetransfer_classic-cars-large-size","loose-watercolor-sketch-of-a-classic-mercedes-benz (6) (1).jpg","5760x3240","$10"
"Classic Roadster — Three-Quarter View No. 14","images/cars/car-020-classic-roadster-three-quarter-view-no-14.webp","zip: wetransfer_classic-cars-large-size","loose-watercolor-sketch-of-a-classic-mercedes-benz (7) (1).jpg","5760x3240","$10"
"Classic Roadster — Three-Quarter View No. 15","images/cars/car-021-classic-roadster-three-quarter-view-no-15.webp","zip: wetransfer_classic-cars-large-size","loose-watercolor-sketch-of-a-classic-mercedes-benz (8) (1).jpg","5760x3240","$10"
"Classic Roadster — Three-Quarter View No. 16","images/cars/car-022-classic-roadster-three-quarter-view-no-16.webp","zip: wetransfer_classic-cars-large-size","loose-watercolor-sketch-of-a-classic-mercedes-benz (9) (1).jpg","5760x3240","$10"
"Classic Roadster — Profile No. 1","images/cars/car-023-classic-roadster-profile-no-1.webp","zip: wetransfer_classic-cars-large-size","side-profile-view-loose-watercolor-sketch-of-a-cla (1).jpg","5760x3240","$10"
"Classic Roadster — Profile No. 2","images/cars/car-024-classic-roadster-profile-no-2.webp","zip: wetransfer_classic-cars-large-size","side-profile-view-loose-watercolor-sketch-of-a-cla (10).jpeg","5760x3240","$10"
"Classic Roadster — Profile No. 3","images/cars/car-025-classic-roadster-profile-no-3.webp","zip: wetransfer_classic-cars-large-size","side-profile-view-loose-watercolor-sketch-of-a-cla (10).jpg","5760x3240","$10"
"Classic Roadster — Profile No. 4","images/cars/car-026-classic-roadster-profile-no-4.webp","zip: wetransfer_classic-cars-large-size","side-profile-view-loose-watercolor-sketch-of-a-cla (11).jpeg","5760x3240","$10"
"Classic Roadster — Profile No. 5","images/cars/car-027-classic-roadster-profile-no-5.webp","zip: wetransfer_classic-cars-large-size","side-profile-view-loose-watercolor-sketch-of-a-cla (11).jpg","5760x3240","$10"
"Classic Roadster — Profile No. 6","images/cars/car-028-classic-roadster-profile-no-6.webp","zip: wetransfer_classic-cars-large-size","side-profile-view-loose-watercolor-sketch-of-a-cla (12).jpeg","5760x3240","$10"
"Classic Roadster — Profile No. 7","images/cars/car-029-classic-roadster-profile-no-7.webp","zip: wetransfer_classic-cars-large-size","side-profile-view-loose-watercolor-sketch-of-a-cla (12).jpg","5760x3240","$10"
"Classic Roadster — Profile No. 8","images/cars/car-030-classic-roadster-profile-no-8.webp","zip: wetransfer_classic-cars-large-size","side-profile-view-loose-watercolor-sketch-of-a-cla (13).jpeg","5760x3240","$10"
"Classic Roadster — Profile No. 9","images/cars/car-031-classic-roadster-profile-no-9.webp","zip: wetransfer_classic-cars-large-size","side-profile-view-loose-watercolor-sketch-of-a-cla (13).jpg","5760x3240","$10"
"Classic Roadster — Profile No. 10","images/cars/car-032-classic-roadster-profile-no-10.webp","zip: wetransfer_classic-cars-large-size","side-profile-view-loose-watercolor-sketch-of-a-cla (14).jpeg","5760x3240","$10"
"Classic Roadster — Profile No. 11","images/cars/car-033-classic-roadster-profile-no-11.webp","zip: wetransfer_classic-cars-large-size","side-profile-view-loose-watercolor-sketch-of-a-cla (14).jpg","5760x3240","$10"
"Classic Roadster — Profile No. 12","images/cars/car-034-classic-roadster-profile-no-12.webp","zip: wetransfer_classic-cars-large-size","side-profile-view-loose-watercolor-sketch-of-a-cla (15).jpeg","5760x3240","$10"
"Classic Roadster — Profile No. 13","images/cars/car-035-classic-roadster-profile-no-13.webp","zip: wetransfer_classic-cars-large-size","side-profile-view-loose-watercolor-sketch-of-a-cla (15).jpg","5760x3240","$10"
"Classic Roadster — Profile No. 14","images/cars/car-036-classic-roadster-profile-no-14.webp","zip: wetransfer_classic-cars-large-size","side-profile-view-loose-watercolor-sketch-of-a-cla (16) (1).jpg","3240x5760","$10"
"Classic Roadster — Profile No. 15","images/cars/car-037-classic-roadster-profile-no-15.webp","zip: wetransfer_classic-cars-large-size","side-profile-view-loose-watercolor-sketch-of-a-cla (16).jpeg","5760x3240","$10"
"Classic Roadster — Profile No. 16","images/cars/car-038-classic-roadster-profile-no-16.webp","zip: wetransfer_classic-cars-large-size","side-profile-view-loose-watercolor-sketch-of-a-cla (17) (1).jpg","3240x5760","$10"
"Classic Roadster — Profile No. 17","images/cars/car-039-classic-roadster-profile-no-17.webp","zip: wetransfer_classic-cars-large-size","side-profile-view-loose-watercolor-sketch-of-a-cla (17).jpeg","5760x3240","$10"
"Classic Roadster — Profile No. 18","images/cars/car-040-classic-roadster-profile-no-18.webp","zip: wetransfer_classic-cars-large-size","side-profile-view-loose-watercolor-sketch-of-a-cla (18) (1).jpg","3240x5760","$10"
"Classic Roadster — Profile No. 19","images/cars/car-041-classic-roadster-profile-no-19.webp","zip: wetransfer_classic-cars-large-size","side-profile-view-loose-watercolor-sketch-of-a-cla (18).jpeg","5760x3240","$10"
"Classic Roadster — Profile No. 20","images/cars/car-042-classic-roadster-profile-no-20.webp","zip: wetransfer_classic-cars-large-size","side-profile-view-loose-watercolor-sketch-of-a-cla (19) (1).jpg","3240x5760","$10"
"Classic Roadster — Profile No. 21","images/cars/car-043-classic-roadster-profile-no-21.webp","zip: wetransfer_classic-cars-large-size","side-profile-view-loose-watercolor-sketch-of-a-cla (19).jpeg","5760x3240","$10"
"Classic Roadster — Profile No. 22","images/cars/car-044-classic-roadster-profile-no-22.webp","zip: wetransfer_classic-cars-large-size","side-profile-view-loose-watercolor-sketch-of-a-cla (2).jpg","5760x3240","$10"
"Classic Roadster — Profile No. 23","images/cars/car-045-classic-roadster-profile-no-23.webp","zip: wetransfer_classic-cars-large-size","side-profile-view-loose-watercolor-sketch-of-a-cla (20) (1).jpg","3240x5760","$10"
"Classic Roadster — Profile No. 24","images/cars/car-046-classic-roadster-profile-no-24.webp","zip: wetransfer_classic-cars-large-size","side-profile-view-loose-watercolor-sketch-of-a-cla (20).jpeg","3240x5760","$10"
"Classic Roadster — Profile No. 25","images/cars/car-047-classic-roadster-profile-no-25.webp","zip: wetransfer_classic-cars-large-size","side-profile-view-loose-watercolor-sketch-of-a-cla (21) (1).jpg","3240x5760","$10"
"Classic Roadster — Profile No. 26","images/cars/car-048-classic-roadster-profile-no-26.webp","zip: wetransfer_classic-cars-large-size","side-profile-view-loose-watercolor-sketch-of-a-cla (21).jpeg","3240x5760","$10"
"Classic Roadster — Profile No. 27","images/cars/car-049-classic-roadster-profile-no-27.webp","zip: wetransfer_classic-cars-large-size","side-profile-view-loose-watercolor-sketch-of-a-cla (22) (1).jpeg","3240x5760","$10"
"Classic Roadster — Profile No. 28","images/cars/car-050-classic-roadster-profile-no-28.webp","zip: wetransfer_classic-cars-large-size","side-profile-view-loose-watercolor-sketch-of-a-cla (22) (1).jpg","3240x5760","$10"
"Classic Roadster — Profile No. 29","images/cars/car-051-classic-roadster-profile-no-29.webp","zip: wetransfer_classic-cars-large-size","side-profile-view-loose-watercolor-sketch-of-a-cla (23) (1).jpeg","3240x5760","$10"
"Classic Roadster — Profile No. 30","images/cars/car-052-classic-roadster-profile-no-30.webp","zip: wetransfer_classic-cars-large-size","side-profile-view-loose-watercolor-sketch-of-a-cla (23) (1).jpg","3240x5760","$10"
"Classic Roadster — Profile No. 31","images/cars/car-053-classic-roadster-profile-no-31.webp","zip: wetransfer_classic-cars-large-size","side-profile-view-loose-watercolor-sketch-of-a-cla (24) (1).jpeg","3240x5760","$10"
"Classic Roadster — Profile No. 32","images/cars/car-054-classic-roadster-profile-no-32.webp","zip: wetransfer_classic-cars-large-size","side-profile-view-loose-watercolor-sketch-of-a-cla (24) (1).jpg","3240x5760","$10"
"Classic Roadster — Profile No. 33","images/cars/car-055-classic-roadster-profile-no-33.webp","zip: wetransfer_classic-cars-large-size","side-profile-view-loose-watercolor-sketch-of-a-cla (25) (1).jpeg","3240x5760","$10"
"Classic Roadster — Profile No. 34","images/cars/car-056-classic-roadster-profile-no-34.webp","zip: wetransfer_classic-cars-large-size","side-profile-view-loose-watercolor-sketch-of-a-cla (25) (1).jpg","3240x5760","$10"
"Classic Roadster — Profile No. 35","images/cars/car-057-classic-roadster-profile-no-35.webp","zip: wetransfer_classic-cars-large-size","side-profile-view-loose-watercolor-sketch-of-a-cla (26) (1).jpeg","3240x5760","$10"
"Classic Roadster — Profile No. 36","images/cars/car-058-classic-roadster-profile-no-36.webp","zip: wetransfer_classic-cars-large-size","side-profile-view-loose-watercolor-sketch-of-a-cla (26) (1).jpg","3240x5760","$10"
"Classic Roadster — Profile No. 37","images/cars/car-059-classic-roadster-profile-no-37.webp","zip: wetransfer_classic-cars-large-size","side-profile-view-loose-watercolor-sketch-of-a-cla (27) (1).jpeg","3240x5760","$10"
"Classic Roadster — Profile No. 38","images/cars/car-060-classic-roadster-profile-no-38.webp","zip: wetransfer_classic-cars-large-size","side-profile-view-loose-watercolor-sketch-of-a-cla (27) (1).jpg","3240x5760","$10"
"Classic Roadster — Profile No. 39","images/cars/car-061-classic-roadster-profile-no-39.webp","zip: wetransfer_classic-cars-large-size","side-profile-view-loose-watercolor-sketch-of-a-cla (28) (1).jpeg","3240x5760","$10"
"Classic Roadster — Profile No. 40","images/cars/car-062-classic-roadster-profile-no-40.webp","zip: wetransfer_classic-cars-large-size","side-profile-view-loose-watercolor-sketch-of-a-cla (29) (1).jpeg","3240x5760","$10"
"Classic Roadster — Profile No. 41","images/cars/car-063-classic-roadster-profile-no-41.webp","zip: wetransfer_classic-cars-large-size","side-profile-view-loose-watercolor-sketch-of-a-cla (3).jpg","5760x3240","$10"
"Classic Roadster — Profile No. 42","images/cars/car-064-classic-roadster-profile-no-42.webp","zip: wetransfer_classic-cars-large-size","side-profile-view-loose-watercolor-sketch-of-a-cla (30) (1).jpeg","3240x5760","$10"
"Classic Roadster — Profile No. 43","images/cars/car-065-classic-roadster-profile-no-43.webp","zip: wetransfer_classic-cars-large-size","side-profile-view-loose-watercolor-sketch-of-a-cla (31) (1).jpeg","3240x5760","$10"
"Classic Roadster — Profile No. 44","images/cars/car-066-classic-roadster-profile-no-44.webp","zip: wetransfer_classic-cars-large-size","side-profile-view-loose-watercolor-sketch-of-a-cla (32) (1).jpeg","3240x5760","$10"
"Classic Roadster — Profile No. 45","images/cars/car-067-classic-roadster-profile-no-45.webp","zip: wetransfer_classic-cars-large-size","side-profile-view-loose-watercolor-sketch-of-a-cla (33) (1).jpeg","3240x5760","$10"
"Classic Roadster — Profile No. 46","images/cars/car-068-classic-roadster-profile-no-46.webp","zip: wetransfer_classic-cars-large-size","side-profile-view-loose-watercolor-sketch-of-a-cla (34) (1).jpeg","3240x5760","$10"
"Classic Roadster — Profile No. 47","images/cars/car-069-classic-roadster-profile-no-47.webp","zip: wetransfer_classic-cars-large-size","side-profile-view-loose-watercolor-sketch-of-a-cla (35) (1).jpeg","3240x5760","$10"
"Classic Roadster — Profile No. 48","images/cars/car-070-classic-roadster-profile-no-48.webp","zip: wetransfer_classic-cars-large-size","side-profile-view-loose-watercolor-sketch-of-a-cla (36) (1).jpeg","3240x5760","$10"
"Classic Roadster — Profile No. 49","images/cars/car-071-classic-roadster-profile-no-49.webp","zip: wetransfer_classic-cars-large-size","side-profile-view-loose-watercolor-sketch-of-a-cla (37) (1).jpeg","3240x5760","$10"
"Classic Roadster — Profile No. 50","images/cars/car-072-classic-roadster-profile-no-50.webp","zip: wetransfer_classic-cars-large-size","side-profile-view-loose-watercolor-sketch-of-a-cla (38) (1).jpeg","3240x5760","$10"
"Classic Roadster — Profile No. 51","images/cars/car-073-classic-roadster-profile-no-51.webp","zip: wetransfer_classic-cars-large-size","side-profile-view-loose-watercolor-sketch-of-a-cla (39) (1).jpeg","3240x5760","$10"
"Classic Roadster — Profile No. 52","images/cars/car-074-classic-roadster-profile-no-52.webp","zip: wetransfer_classic-cars-large-size","side-profile-view-loose-watercolor-sketch-of-a-cla (4).jpeg","5760x3240","$10"
"Classic Roadster — Profile No. 53","images/cars/car-075-classic-roadster-profile-no-53.webp","zip: wetransfer_classic-cars-large-size","side-profile-view-loose-watercolor-sketch-of-a-cla (4).jpg","5760x3240","$10"
"Classic Roadster — Profile No. 54","images/cars/car-076-classic-roadster-profile-no-54.webp","zip: wetransfer_classic-cars-large-size","side-profile-view-loose-watercolor-sketch-of-a-cla (40) (1).jpeg","3240x5760","$10"
"Classic Roadster — Profile No. 55","images/cars/car-077-classic-roadster-profile-no-55.webp","zip: wetransfer_classic-cars-large-size","side-profile-view-loose-watercolor-sketch-of-a-cla (41) (1).jpeg","3240x5760","$10"
"Classic Roadster — Profile No. 56","images/cars/car-078-classic-roadster-profile-no-56.webp","zip: wetransfer_classic-cars-large-size","side-profile-view-loose-watercolor-sketch-of-a-cla (42) (1).jpeg","3240x5760","$10"
"Classic Roadster — Profile No. 57","images/cars/car-079-classic-roadster-profile-no-57.webp","zip: wetransfer_classic-cars-large-size","side-profile-view-loose-watercolor-sketch-of-a-cla (43) (1).jpeg","3240x5760","$10"
"Classic Roadster — Profile No. 58","images/cars/car-080-classic-roadster-profile-no-58.webp","zip: wetransfer_classic-cars-large-size","side-profile-view-loose-watercolor-sketch-of-a-cla (44) (1).jpeg","3240x5760","$10"
"Classic Roadster — Profile No. 59","images/cars/car-081-classic-roadster-profile-no-59.webp","zip: wetransfer_classic-cars-large-size","side-profile-view-loose-watercolor-sketch-of-a-cla (45) (1).jpeg","3240x5760","$10"
"Classic Roadster — Profile No. 60","images/cars/car-082-classic-roadster-profile-no-60.webp","zip: wetransfer_classic-cars-large-size","side-profile-view-loose-watercolor-sketch-of-a-cla (46) (1).jpeg","3240x5760","$10"
"Classic Roadster — Profile No. 61","images/cars/car-083-classic-roadster-profile-no-61.webp","zip: wetransfer_classic-cars-large-size","side-profile-view-loose-watercolor-sketch-of-a-cla (47) (1).jpeg","3240x5760","$10"
"Classic Roadster — Profile No. 62","images/cars/car-084-classic-roadster-profile-no-62.webp","zip: wetransfer_classic-cars-large-size","side-profile-view-loose-watercolor-sketch-of-a-cla (48) (1).jpeg","3240x5760","$10"
"Classic Roadster — Profile No. 63","images/cars/car-085-classic-roadster-profile-no-63.webp","zip: wetransfer_classic-cars-large-size","side-profile-view-loose-watercolor-sketch-of-a-cla (49) (1).jpeg","3240x5760","$10"
"Classic Roadster — Profile No. 64","images/cars/car-086-classic-roadster-profile-no-64.webp","zip: wetransfer_classic-cars-large-size","side-profile-view-loose-watercolor-sketch-of-a-cla (5).jpeg","5760x3240","$10"
"Classic Roadster — Profile No. 65","images/cars/car-087-classic-roadster-profile-no-65.webp","zip: wetransfer_classic-cars-large-size","side-profile-view-loose-watercolor-sketch-of-a-cla (5).jpg","5760x3240","$10"
"Classic Roadster — Profile No. 66","images/cars/car-088-classic-roadster-profile-no-66.webp","zip: wetransfer_classic-cars-large-size","side-profile-view-loose-watercolor-sketch-of-a-cla (50) (1).jpeg","3240x5760","$10"
"Classic Roadster — Profile No. 67","images/cars/car-089-classic-roadster-profile-no-67.webp","zip: wetransfer_classic-cars-large-size","side-profile-view-loose-watercolor-sketch-of-a-cla (51) (1).jpeg","3240x5760","$10"
"Classic Roadster — Profile No. 68","images/cars/car-090-classic-roadster-profile-no-68.webp","zip: wetransfer_classic-cars-large-size","side-profile-view-loose-watercolor-sketch-of-a-cla (52) (1).jpeg","3240x5760","$10"
"Classic Roadster — Profile No. 69","images/cars/car-091-classic-roadster-profile-no-69.webp","zip: wetransfer_classic-cars-large-size","side-profile-view-loose-watercolor-sketch-of-a-cla (53) (1).jpeg","3240x5760","$10"
"Classic Roadster — Profile No. 70","images/cars/car-092-classic-roadster-profile-no-70.webp","zip: wetransfer_classic-cars-large-size","side-profile-view-loose-watercolor-sketch-of-a-cla (54) (1).jpeg","3240x5760","$10"
"Classic Roadster — Profile No. 71","images/cars/car-093-classic-roadster-profile-no-71.webp","zip: wetransfer_classic-cars-large-size","side-profile-view-loose-watercolor-sketch-of-a-cla (55) (1).jpeg","3240x5760","$10"
"Classic Roadster — Profile No. 72","images/cars/car-094-classic-roadster-profile-no-72.webp","zip: wetransfer_classic-cars-large-size","side-profile-view-loose-watercolor-sketch-of-a-cla (6).jpeg","5760x3240","$10"
"Classic Roadster — Profile No. 73","images/cars/car-095-classic-roadster-profile-no-73.webp","zip: wetransfer_classic-cars-large-size","side-profile-view-loose-watercolor-sketch-of-a-cla (6).jpg","5760x3240","$10"
"Classic Roadster — Profile No. 74","images/cars/car-096-classic-roadster-profile-no-74.webp","zip: wetransfer_classic-cars-large-size","side-profile-view-loose-watercolor-sketch-of-a-cla (7).jpeg","5760x3240","$10"
"Classic Roadster — Profile No. 75","images/cars/car-097-classic-roadster-profile-no-75.webp","zip: wetransfer_classic-cars-large-size","side-profile-view-loose-watercolor-sketch-of-a-cla (7).jpg","5760x3240","$10"
"Classic Roadster — Profile No. 76","images/cars/car-098-classic-roadster-profile-no-76.webp","zip: wetransfer_classic-cars-large-size","side-profile-view-loose-watercolor-sketch-of-a-cla (8).jpeg","5760x3240","$10"
"Classic Roadster — Profile No. 77","images/cars/car-099-classic-roadster-profile-no-77.webp","zip: wetransfer_classic-cars-large-size","side-profile-view-loose-watercolor-sketch-of-a-cla (8).jpg","5760x3240","$10"
"Classic Roadster — Profile No. 78","images/cars/car-100-classic-roadster-profile-no-78.webp","zip: wetransfer_classic-cars-large-size","side-profile-view-loose-watercolor-sketch-of-a-cla (9).jpeg","5760x3240","$10"
"Classic Roadster — Profile No. 79","images/cars/car-101-classic-roadster-profile-no-79.webp","zip: wetransfer_classic-cars-large-size","side-profile-view-loose-watercolor-sketch-of-a-cla (9).jpg","5760x3240","$10"
"Classic Roadster — Profile No. 80","images/cars/car-102-classic-roadster-profile-no-80.webp","zip: wetransfer_classic-cars-large-size","side-profile-view-loose-watercolor-sketch-of-a-cla.jpg","5760x3240","$10"
"Highland Glen","images/land/land-01-highland-glen.webp","zip: wetransfer_landscape-large-files-no-marks","711827560_1017903660758876_8376093494069389699_n (1).jpg","9000x12000","$10"
"Glen and River","images/land/land-02-glen-and-river.webp","zip: wetransfer_landscape-large-files-no-marks","713663167_1013802107801040_6617567304934188176_n (3).jpg","8000x6000","$10"
"The Spring Bothy","images/land/land-03-the-spring-bothy.webp","zip: wetransfer_landscape-large-files-no-marks","Scottish_Bothy_Spring_A0_300dpi.png","14043x9933","$10"
"Cottages and Meadow","images/land/land-04-cottages-and-meadow.webp","zip: wetransfer_landscape-large-files-no-marks","Scottish_Cottages_Meadow_30x40in_300dpi.png","12000x9000","$10"
"Scottish Countryside","images/land/land-05-scottish-countryside.webp","zip: wetransfer_landscape-large-files-no-marks","Scottish_Countryside_A0_300dpi.png","14043x9933","$10"
"Highland Waters","images/land/land-06-highland-waters.webp","zip: wetransfer_landscape-large-files-no-marks","Scottish_Highlands_Water_A1_300dpi.png","9933x7016","$10"
"Lavender Fields","images/land/land-07-lavender-fields.webp","zip: wetransfer_landscape-large-files-no-marks","Scottish_Lavender_A2_300dpi.png","8000x5657","$10"
"Lavender in the Rain","images/land/land-08-lavender-in-the-rain.webp","zip: wetransfer_landscape-large-files-no-marks","Scottish_Lavender_Rain_A2_300dpi.png","8000x5657","$10"
"Lavender and Rainbow","images/land/land-09-lavender-and-rainbow.webp","zip: wetransfer_landscape-large-files-no-marks","Scottish_Lavender_Rainbow_A2_300dpi.png","8000x5657","$10"
"Spring Valley","images/land/land-10-spring-valley.webp","zip: wetransfer_landscape-large-files-no-marks","Scottish_Spring_Sargent_6000x8000.png","6000x8000","$10"
"Spring in the Glen","images/land/land-11-spring-in-the-glen.webp","zip: wetransfer_landscape-large-files-no-marks","Scottish_Spring_Sargent_A0_300dpi.png","14043x9933","$10"
"Spring Highlands","images/land/land-12-spring-highlands.webp","zip: wetransfer_landscape-large-files-no-marks","Scottish_Spring_Sargent_A1_300dpi.png","9933x7016","$10"
"Spring Meadow","images/land/land-13-spring-meadow.webp","zip: wetransfer_landscape-large-files-no-marks","Scottish_Spring_Sargent_Landscape_8000x6000 (1).png","8000x6000","$10"
"Terraced Highlands","images/land/land-14-terraced-highlands.webp","zip: wetransfer_landscape-large-files-no-marks","Scottish_Terraced_Highlands_A1_300dpi.png","9933x7016","$10"
"Wildflower Meadows","images/land/land-15-wildflower-meadows.webp","zip: wetransfer_landscape-large-files-no-marks","Scottish_Wildflower_Meadows_A1_300dpi.png","9933x7016","$10"
"Apple Blossom Orchard","images/land/land-16-apple-blossom-orchard.webp","zip: wetransfer_landscape-large-files-no-marks","french_apple_A1_300dpi.png","7016x9933","$10"
"French Countryside","images/land/land-18-french-countryside.webp","zip: wetransfer_landscape-large-files-no-marks","french_countryside_distant_A1_300dpi.png","9933x7016","$10"
"Palm Canyon","images/land/land-19-palm-canyon.webp","zip: wetransfer_landscape-large-files-no-marks","fc575258-f17d-4a12-bcfb-dafdca2cf9f6.png","1024x1536","$10"
"Wide Mountains","images/land/land-20-wide-mountains.webp","zip: wetransfer_landscape-large-files-no-marks","oman_wide_landscape_sargent_A1.png","1440x810","$10"
"Lavender and Mountains","images/land/land-21-lavender-and-mountains.webp","zip: wetransfer_landscape-large-files-no-marks","genai_m4_eag_odn_v3_upload_media_24599003_06_03_2026_01_37_10_892907_5390438041388130676.png","1440x810","$10"
"Lavender Rows","images/land/land-22-lavender-rows.webp","zip: wetransfer_landscape-large-files-no-marks","genai_m4_eag_odn_v3_upload_media_86733032_06_03_2026_01_19_40_228843_8989005391136598069.png","2880x1620","$10"
"Turquoise Canyon","images/land/land-23-turquoise-canyon.webp","zip: wetransfer_landscape-large-files-no-marks","genai_m4_ftw_lla_v3_upload_media_6755122_06_09_2026_03_31_56_824448_2071911842111450378.png","1440x810","$10"
"Sheep by the River","images/land/land-24-sheep-by-the-river.webp","zip: wetransfer_landscape-large-files-no-marks","genai_m4_ftw_vll_v3_upload_media_99913686_06_02_2026_22_59_11_773930_4809195970064589983.png","1440x810","$10"
"Mountain Terraces","images/land/land-25-mountain-terraces.webp","zip: wetransfer_landscape-large-files-no-marks","genai_m4_ldc_prn_v3_upload_media_39517637_06_10_2026_00_41_02_256472_8239498814815665840.png","1440x810","$10"
"Desert Dunes","images/land/land-26-desert-dunes.webp","zip: wetransfer_landscape-large-files-no-marks","genai_m4_ldc_snb_v3_upload_media_27831657_06_09_2026_01_45_26_703036_4208435743441998697.png","1440x810","$10"
"Forest Stream","images/land/land-27-forest-stream.webp","zip: wetransfer_landscape-large-files-no-marks","generated_image_6a8c9328.jpg","1440x810","$10"
"Woodland Waterfall","images/land/land-28-woodland-waterfall.webp","zip: wetransfer_landscape-large-files-no-marks","generated_image_c204af19 (1).jpg","1440x810","$10"
"Lavender Valley","images/land/land-29-lavender-valley.webp","zip: wetransfer_landscape-large-files-no-marks","generated_image_c95dac86.jpg","1440x810","$10"
"Tulip Fields","images/land/land-30-tulip-fields.webp","zip: wetransfer_landscape-large-files-no-marks","image.png","2736x912","$10"
"Li River Mist","images/china/china-01-li-river-mist.webp","zip: wetransfer_china-ink","01_Guilin_LiRiver_Mist_H_CLEAN.png","2048x1152","$5"
"Karst Veil","images/china/china-02-karst-veil.webp","zip: wetransfer_china-ink","02_Guilin_Karst_Veil_V_CLEAN.png","1152x2048","$5"
"The Windbearer Pine","images/china/china-03-the-windbearer-pine.webp","zip: wetransfer_china-ink","03_Huangshan_Windbearer_H_CLEAN.png","2048x1152","$5"
"Solitude on Huangshan","images/china/china-04-solitude-on-huangshan.webp","zip: wetransfer_china-ink","04_Huangshan_Solitude_V_CLEAN.png","1152x2048","$5"
"Zhangjiajie Pillars","images/china/china-05-zhangjiajie-pillars.webp","zip: wetransfer_china-ink","05_Zhangjiajie_Pillars_H_CLEAN.png","2048x1152","$5"
"Floating Peak","images/china/china-06-floating-peak.webp","zip: wetransfer_china-ink","06_Zhangjiajie_Floating_V_CLEAN.png","1152x2048","$5"
"Bamboo in the Empty Valley","images/china/china-07-bamboo-in-the-empty-valley.webp","zip: wetransfer_china-ink","07_Bamboo_EmptyValley_H_CLEAN.png","2048x1152","$5"
"Slender Grace","images/china/china-08-slender-grace.webp","zip: wetransfer_china-ink","08_Bamboo_SlenderGrace_V_CLEAN.png","1152x2048","$5"
"West Lake Reflection","images/china/china-09-west-lake-reflection.webp","zip: wetransfer_china-ink","09_WestLake_Reflection_H_CLEAN.png","2048x1152","$5"
"West Lake, Distant","images/china/china-10-west-lake-distant.webp","zip: wetransfer_china-ink","10_WestLake_Distant_V_CLEAN.png","1152x2048","$5"
"Lotus on Still Water","images/china/china-11-lotus-on-still-water.webp","zip: wetransfer_china-ink","11_Lotus_StillWater_H_CLEAN.png","2048x1152","$5"
"Single Lotus Bloom","images/china/china-12-single-lotus-bloom.webp","zip: wetransfer_china-ink","12_Lotus_SingleBloom_V_CLEAN.png","1152x2048","$5"
"Tea Terraces in Layers","images/china/china-13-tea-terraces-in-layers.webp","zip: wetransfer_china-ink","13_TeaTerraces_Layers_H_CLEAN.png","1920x1280","$5"
"Tea Terraces in Mist","images/china/china-14-tea-terraces-in-mist.webp","zip: wetransfer_china-ink","14_TeaTerraces_Mist_V_CLEAN.png","1120x2240","$5"
"Bamboo Study","images/china/china-15-bamboo-study.webp","zip: wetransfer_china-ink","bamboo_ink_wash_2.webp","1152x2048","$5"
"Emei Golden Summit","images/china/china-16-emei-golden-summit.webp","zip: wetransfer_china-ink","emei_golden_summit_mist.webp","2048x1152","$5"
"Ginkgo, Minimal","images/china/china-17-ginkgo-minimal.webp","zip: wetransfer_china-ink","ginkgo_tree_minimal.webp","1152x2048","$5"
"Guilin Peaks","images/china/china-18-guilin-peaks.webp","zip: wetransfer_china-ink","guilin_ink_wash_2.webp","2048x1152","$5"
"Guilin Karst in Mist","images/china/china-19-guilin-karst-in-mist.webp","zip: wetransfer_china-ink","guilin_karst_mist.webp","2048x1152","$5"
"Huangshan Pine","images/china/china-20-huangshan-pine.webp","zip: wetransfer_china-ink","huangshan_pine_mist.webp","2048x1152","$5"
"Huangshan Pine II","images/china/china-21-huangshan-pine-ii.webp","zip: wetransfer_china-ink","huangshan_pine_mist_1.webp","2048x1152","$5"
"Jiuzhaigou Mist","images/china/china-22-jiuzhaigou-mist.webp","zip: wetransfer_china-ink","jiuzhaigou_mist_ink_wash.webp","2048x1152","$5"
"Lotus Pond","images/china/china-23-lotus-pond.webp","zip: wetransfer_china-ink","lotus_ink_wash (1).webp","2048x1152","$5"
"Lotus Leaf","images/china/china-24-lotus-leaf.webp","zip: wetransfer_china-ink","lotus_ink_wash.webp","2048x1152","$5"
"Minimalist Bamboo","images/china/china-25-minimalist-bamboo.webp","zip: wetransfer_china-ink","minimalist_bamboo_ink_wash.webp","1152x2048","$5"
"Misty Karst Pillars","images/china/china-26-misty-karst-pillars.webp","zip: wetransfer_china-ink","misty_karst_pillars.webp","1152x2048","$5"
"Panda in Bamboo","images/china/china-27-panda-in-bamboo.webp","zip: wetransfer_china-ink","panda_bamboo_mist.webp","2048x1152","$5"
"Sakura Branch","images/china/china-28-sakura-branch.webp","zip: wetransfer_china-ink","sakura_branch_ink_wash.webp","1152x2048","$5"
"Three Gorges Mist","images/china/china-29-three-gorges-mist.webp","zip: wetransfer_china-ink","three_gorges_mist.webp","2048x1152","$5"
"West Lake Willows","images/china/china-30-west-lake-willows.webp","zip: wetransfer_china-ink","west_lake_ink_wash.webp","2048x1152","$5"
"West Lake Shanshui","images/china/china-31-west-lake-shanshui.webp","zip: wetransfer_china-ink","west_lake_shanshui.webp","2048x1152","$5"
"Wuyi Tea Terraces","images/china/china-32-wuyi-tea-terraces.webp","zip: wetransfer_china-ink","wuyi_tea_terraces_ink_wash.webp","2048x1152","$5"
"Yellow River","images/china/china-33-yellow-river.webp","zip: wetransfer_china-ink","yellow_river_sumi_e.webp","2048x1152","$5"
"Zhangjiajie in Mist","images/china/china-34-zhangjiajie-in-mist.webp","zip: wetransfer_china-ink","zhangjiajie_mist_pillars.webp","1152x2048","$5"
